loss,mean_absolute_percentage_error,val_loss,val_mean_absolute_percentage_error
2.0582640791533913,2215168.930911686,1.9924948393068305,2522214.0321624624
1.3278138027194766,1833680.789957317,1.788490037093646,2492621.046557204
1.2252465960390735,1700918.4574445547,1.5160990744124905,2242683.739800328
1.177118502806428,1673783.8847394735,1.3606430325292735,2090329.2709411315
1.152182015403331,1667273.9283341437,1.384594428478655,2303017.005031621
1.1281307405995755,1699682.5608754607,1.4470722974862233,2240647.7285900246
1.1130141417335613,1684290.5634920057,1.3546822505406624,2119414.828865236
1.0983205957356865,1608379.173027752,1.3129443492569897,2195932.6628097594
1.09577144421996,1706339.6562217239,1.3794570357151243,2207768.4701835252
1.090350847917222,1672239.8010125274,1.3310358080006701,2273871.0590833733
1.0820111011075946,1648795.6311925156,1.361323388793174,2373477.0375301717
1.0787725888013884,1690009.675245526,1.3485203433314947,2410500.1135346177
1.075562928791828,1668172.9984512026,1.3869982049595693,2404765.389510812
1.065385184034877,1641603.1053046165,1.4513211149032552,2501632.1632170225
1.0627887740199156,1636201.5731167283,1.4274287169613669,2550409.487612022
1.0501926622295255,1659651.3620173247,1.5130250641517284,2536660.412219628
1.0478475595745769,1666681.0694145607,1.4413281615323161,2626289.7173286504
1.0388623153512473,1659711.5377888142,1.484134278110569,2692563.156237206
1.0423485991771473,1658607.2215381626,1.4747604956499945,2681447.7133834227
1.0354249254981083,1649779.8387337301,1.5839046069757687,2841302.0256164805
1.0292125892125656,1568465.4271702971,1.3702189157082583,2457666.572011146
1.0229621429018143,1574209.565925441,1.4226357429782823,2534773.1397638437
1.0194645794177133,1632611.4986706201,1.4226166632159043,2389591.3841731977
1.0119990889660784,1545073.0213763858,1.3475478641151704,2565771.976718071
1.0066502492233687,1560715.7322641988,1.5128355111827616,2517990.59516469
1.0005548899191303,1568849.567762701,1.4654243284094808,2534367.5651094606
0.9886703202478065,1551851.925456187,1.4210848429586016,2493107.1026281686
0.9906649489765826,1489634.4331111882,1.4527455746967066,2702039.468871614
0.9864344320517057,1512257.0545567127,1.5455759864633682,2526871.1887597563
0.980265937138883,1454651.5565724117,1.3832304474125714,2501881.7234256435
0.9704986670709571,1492049.211246807,1.5530709648360543,2617309.5948648546
0.9680236336213304,1465349.0633297863,1.3315405309325095,2397455.8591612903
0.9672168826034383,1499960.219613746,1.4686014752811634,2676834.1460530185
0.956833693023082,1485453.7006814864,1.4463770856694693,2476990.8382500736
0.9506380664318063,1458833.3626478012,1.3806091021036553,2435387.6612001145
0.9425911802932938,1445089.822758931,1.4873293222084467,2426601.1855916744
0.9362307338977658,1410350.1922574241,1.4706185420330435,2508479.7718153056
0.9334811890663552,1415203.0286191085,1.3994656762355036,2380075.065515875
0.9277030032950855,1451367.276010268,1.3372985037935732,2266956.3775167554
0.9261541395405392,1439215.6018125836,1.4349954767994562,2566708.1218901305
0.9151261432531671,1356875.4007970311,1.4772480428486288,2383996.653359507
0.9118350444703973,1387849.783519574,1.4138930418731708,2466194.361585548
0.9006456518902932,1356266.050926106,1.4882659111913008,2404406.275472613
0.8986835494150449,1308009.717507445,1.423754012552593,2474626.0863235774
0.8941219858832244,1332870.7644119537,1.4285829107168724,2388359.6483487817
0.8823269162064529,1272654.6508336545,1.4427455762457497,2571117.824670856
0.8804678985736061,1270710.1990292289,1.3585818044232851,2421456.620278238
0.8714164577448456,1281421.5776144373,1.5090768285900256,2482327.0754828993
0.8665955627255104,1238284.6966466308,1.4363912685952285,2601698.580527239
0.8587764177028699,1278556.2452263355,1.510815551100539,2383979.815314813
0.8517459600110958,1251458.4882016638,1.5001979988205407,2563240.5349291344
0.8506529522644827,1235241.5088445512,1.4408645724736748,2465674.1425622776
0.8408140107136288,1145141.4357934487,1.4412044271394373,2309929.9796097665
0.8370800208621996,1124542.5578592913,1.4617244735863835,2549808.1238478175
0.8269202077116247,1162266.274756516,1.575581352688615,2401643.3406967428
0.8242750216269119,1186077.037457179,1.4943643314482529,2372646.538804785
0.817781817951343,1138014.8816930344,1.5103049594201337,2530716.199546595
0.8081983869746482,1113372.3501199952,1.4443647434281404,2235262.747492198
0.7984214502225048,1084561.5249068958,1.5009449513201722,2531989.6423943895
0.7993965481351459,1090981.7036030241,1.5122218104917917,2228020.627999377
0.790024376447048,1057778.4659311196,1.5768639718277384,2480294.6370568466
0.7849860205815642,1014183.01837648,1.462782135132434,2639873.7567709084
0.7783169189428261,1009244.332869411,1.5815006906387872,2365852.4782292387
0.7676406294732424,1043596.2838248075,1.5175083783298347,2572739.765887581
0.7614341513119144,1021449.4040519041,1.4994499648433939,2530684.0691491347
0.7548821817245281,984019.389305527,1.5619547491903758,2486453.273234288
0.7473264511807663,966413.7817177267,1.5112409779243114,2433708.0950134443
0.7416820583666923,976016.5540904094,1.5587568037744557,2467192.0533781974
0.735227714216869,1006280.8604761049,1.605913962713088,2514249.226820181
0.7310182249390649,883260.7561436157,1.5280796087255315,2456830.5407119785
0.7186891401442422,921923.2777796417,1.4271815869396687,2270389.3694727877
0.7181581116209133,885598.4502139903,1.6251632479754101,2602744.0621875096
0.7092610487815407,836537.6857121863,1.7512702588153535,2941976.7436848376
0.701625779403443,900127.2062785979,1.507457440319512,2310007.8590638493
0.6954299327265488,891752.5019857154,1.613543998399895,2354926.8598184087
0.6905581037984235,901336.5417018352,1.5972752297241959,2338152.633760108
0.6794512555039764,858542.8213831463,1.5859586293205972,2294664.5643551024
0.6801016561007108,802762.6659920868,1.5446632068170747,2557997.968324892
0.6696919356630269,870986.0097642614,1.561001139346119,2393630.250218904
0.6610783557010782,816488.0173519502,1.525310856619175,2550290.3193465727
0.6602448842351162,793144.3382757531,1.5812451983510896,2412107.056533348
0.6523766518089601,782668.6172219642,1.6485146577580048,2448409.945158223
0.643376136972484,772233.8733859356,1.654290132454117,2482596.7549172873
0.6373953124018759,749606.8361230977,1.5894959902214212,2403266.4448218225
0.6347789084463157,766030.7790111237,1.75449968432724,2235122.9068469917
0.6208640380908383,769942.7651705588,1.6229440745856638,2371727.739937465
0.6222284508296498,692825.3557006905,1.7425994445847566,2381826.14819021
0.6116967860144071,766891.9051437622,1.6509273768969006,2495665.687947218
0.60558088594228,745345.3462739588,1.7069247910764593,2218695.299406715
0.6004443355798497,755981.3259808734,1.6540058296738789,2077535.0295039755
0.6004179558680995,683348.2477985341,1.6931152843694433,2207984.4709706903
0.5914062955204715,648355.13241288,1.7389092702121032,2415664.3956633513
0.5857512940987508,712667.1208863049,1.668786462109994,2219359.0809857263
0.5806069457416113,644148.1114218506,1.8003366601848687,2101169.9043079186
0.5766261525884279,674521.2893765578,1.7472950427289,2269711.1529569817
0.5705730584670888,714423.3413459263,1.8152305269683509,2408550.064470972
0.5668753955802507,701645.126107865,1.6933743790384899,2309747.96386027
0.5576879362088846,612619.3937910625,1.723613459586812,2605473.156144364
0.5512017947434253,650601.9530947577,1.6720233014911512,2497364.7134152274
0.547570894734296,653711.1111454548,1.8075824989161375,2939006.8229801864
0.5457519983583151,664802.6475752415,1.7588008467109126,2510081.723641549
0.539276272570864,568594.5820459409,1.694710247965227,2223456.898818486
0.5316060446181641,660986.1813095557,1.825855893073166,2396945.995537945
0.5277007461247317,606123.035113479,1.731441995536286,2149537.102571561
0.527253188467332,589535.6592358911,1.6883122000264936,2222203.382699554
0.5202270498037924,580177.1300079819,1.7669803513547742,2352891.3963580644
0.5145647390767575,632888.2676770772,1.736235013237764,2003638.481480326
0.5105647343263134,609025.6371132212,1.774437939446735,2615648.80577021
0.5096388845459041,617139.0531124718,1.7147215316297764,2292836.384098985
0.5052833021160067,579613.7554214639,1.8390410641799457,2216102.999069168
0.4999857792754311,630474.7871729528,1.7601519414061313,2862295.1832613223
0.4913387106583381,555477.2097721702,1.8097855504886355,2568647.339376611
0.48958290903076834,569988.5875248696,1.9369398796590473,2273482.6716067274
0.48384065102048934,577444.8549343782,1.7460914231544835,2525975.695190133
0.4790581539428101,573798.9586918339,1.9202078422172106,3027285.371464158
0.4742772156116126,565391.1180246809,1.7675416945270033,2204624.766188781
0.4702161423610015,510481.372295265,1.7937399109359133,2313957.8065915327
0.4702678610117296,625050.1289839039,1.8968622315760826,2926092.6293764883
0.46424361810316195,590801.6948275758,1.772132976662068,2313872.7081464585
0.4600423528052178,584942.1834139915,1.6452500093421856,2361902.6539628296
0.45472260229127653,572956.3993217429,1.7271834543783295,2259606.0558369826
0.45001827572551045,517451.2344732503,1.8698320741108567,2359959.1041094624
0.44634259275243254,511702.43020485167,1.7196381263949718,2761164.1932998006
0.44706266710241555,529664.3733259584,1.7758935264509808,2122705.32337018
0.44024071021361993,542603.6322828272,1.8614758559411562,2119611.0995284826
0.4336750031181979,507000.26690000977,1.847888793483167,2379008.829287717
0.43162071462752305,527599.9732165269,1.8109789746199187,2059477.0301086605
0.42870593188098627,511634.90281808417,1.8115793548941148,2241569.0408244133
0.4264267595530953,495206.2085690436,1.8854123211677225,2408590.1488041766
0.4225727661714963,525345.3487634102,1.813228309065362,2444667.5311433026
0.4184528563010452,543953.6334820475,1.7730483248531195,2157750.877418297
0.4104092431365712,529851.8268228138,1.901692118004272,2502107.384847597
0.4083661238615215,499844.84775338677,1.912879354612149,2329904.385571673
0.40846319995213837,495403.5215971367,1.8420941406761213,2388927.3121655937
0.40418108421081006,562802.5929862079,1.8407415379459473,2503801.6630204134
0.39959623275126577,481270.05171113956,1.8609576249529136,2411611.3472014144
0.3980339687903887,513997.3211164246,1.8472987677642339,2641324.036929985
0.39585295397258313,537664.6523038791,1.8308595323006336,2466763.1334445165
0.39295464553095183,473063.4661331739,1.957580388822564,2647218.277621275
0.38887421583805015,505184.53295322735,1.814389446200349,2476546.812493612
0.38530138136645514,495348.2658567762,1.8570649653111537,2376639.9193774126
0.38235953984538934,519937.208572774,1.8507168347914704,2649275.9562217332
0.38189575608186993,487177.6414992539,1.8133566193405184,2347412.712710174
0.37743595768953575,508586.5688399339,1.8472431254465354,2247825.526681483
0.3750784348590194,464440.30642371264,1.938399487899657,2353586.489827144
0.37442174914787246,476753.88315675966,1.8467710753454265,2233035.030560278
0.37066597236299614,518923.3389574271,1.9294516146628755,2250998.362081867
0.36785296843810006,515624.39505713194,2.042897647917003,2514523.771995823
0.368281079919672,531210.0590132183,1.9458599769530667,2542773.9964551865
0.3614387919068134,517994.1477715618,1.9385685970638458,2752720.627679029
0.35933778399941874,544555.0778691076,1.9179688096937932,2554246.6956039187
0.35423148759715883,492042.2717952472,1.8714739589537113,2679225.159319349
0.35439227210896557,471540.7292841197,1.8821471534087706,2565136.0708073857
0.35190182766053124,480139.6893368996,1.8808918273131576,2550925.578654025
0.3494820485752651,495099.4548663484,1.920498357930299,2649822.18231153
0.34819981985634496,448547.58143854997,1.89882478248991,2582175.938650028
0.3426232696277713,472196.96415794914,1.8470066171401351,2245067.155559144
0.3391933648702937,449760.76695480075,1.8654207732554078,2851819.707938292
0.3398812857688588,493045.3819548079,1.889794863308043,2951603.6859029573
0.33704116746245544,496706.1433271779,1.9190854110512376,2357845.834050107
0.3350332354566854,483524.3860637579,1.922162860444731,2422730.752372091
0.33447060135932,538111.7601295002,1.9543750502198105,2714591.3025862374
0.3321516993994887,502114.58243839705,1.9820436283103584,2390429.0585520132
0.329635330201907,488092.0257702699,1.8681858363994537,2423010.9190133587
0.32694889663321164,472631.2686930573,1.9352696484660732,2606390.984559589
0.32289418340540105,485731.0403680908,1.9516954583177444,2631702.569116696
0.32170749414446853,461474.04389786266,1.8524461415867373,2482454.2129641254
0.3196070110912745,453378.10362754634,1.9356839755962896,2543364.6608264158
0.3158838352993984,488872.14245350985,1.8985517887237575,3005171.4750263146
0.3147587644655223,410900.50186762045,1.9035978287306867,2821902.5614331537
0.31204058568598797,440922.2129889127,1.8322570085026282,2476463.546277828
0.3103905799155557,432592.16900546337,2.0301880524110696,2686325.4275349197
0.3087304699923171,387734.5363727154,1.8840912464597144,2816707.953401146
0.3088728991816946,434642.9654138876,2.0569229930452053,2826300.5937859947
0.3052996381140377,473011.76698156056,1.9582275477063324,3051519.068456533
0.3009648153355323,490142.69829275296,1.9671239510575276,2614223.9705290343
0.301449267341828,437655.04787379195,1.9757544672706688,2431664.00863956
0.30098410751111065,406268.4939951505,1.9197593890654268,2411411.1966587673
0.29887385092339264,375269.95426815224,1.9374738636752855,2538277.7975679124
0.2992966293742475,397513.19005028764,1.9221742684492407,2430428.1414799076
0.29312649159221554,416937.17821613676,1.9514052492039595,2587961.0696513285
0.29409395434467683,387272.19604787964,1.965845289467125,2904258.253708552
0.2890677428945981,399450.34387383604,1.895930957765662,2587390.231873814
0.287162576900433,461207.67026914435,1.9246269366429518,2579730.024953579
0.28897693242554673,405892.09498107265,1.978512522634403,3083356.2865568018
0.2841648353806025,437960.83245173877,1.9992076834981898,2667233.18861441
0.2840024490066361,415842.2967116015,2.0715689908734274,2330699.8349180343
0.28172349268786967,412135.25717976113,1.9360653510394654,2465518.2563821585
0.278582245390176,389481.17352331534,1.9374441594161782,2614394.065566802
0.2784768402092222,395063.5830598965,2.0530482078789594,2524764.772817034
0.2765240475391815,444692.786220276,2.021638858828258,3421560.4372430174
0.27531575773741107,386032.3224425295,2.043199335783497,2465512.6258042953
0.2751424255582576,362566.95525003644,2.0198126847680515,2740087.8365996005
0.274323607136346,398054.8972416526,1.9764697545308607,2457196.111415871
0.2694202946896997,421066.26366359624,2.009483393744156,2379812.4323518407
0.2659657932782745,437062.639917774,2.068333946157279,2580240.4592566323
0.26841593928312774,367818.1479281936,1.9780721601668212,2603045.1667926386
0.2659093336653173,412127.05497777305,2.045640099594203,2930555.3057612567
0.26523605491856916,375548.3913390251,2.0229982839099954,2506191.7058034106
0.2630649171973725,379920.1801451224,1.97386253076223,2435719.230284727
0.26190279778068465,417786.37690666254,1.965085039158763,2344363.685432733
0.2627690172974698,375436.27396894287,2.0137144564298537,2688657.715177316
0.25770587344465107,364776.9558810175,1.9825377258896435,2562686.475880234
0.2602776859695331,353671.56303431274,2.0886752405032545,2875929.566263197
0.25666549023126084,490152.5554535803,2.019774113306199,2549044.8387797633
0.25507475082700426,386953.3015456424,2.0318659216994623,2928502.8322820957
0.2545450683630371,349428.2627345809,2.0074384348712706,2596503.599752576
0.2521368311547431,418694.57777152397,1.9462087370484238,2272236.2794500836
0.25449347411293444,362530.2481474452,2.0215244212622703,2352559.036900992
0.24881245292428986,392951.73006748105,2.003872274460994,2400390.0282813027
0.24644167784614823,404060.379887131,2.042037178647757,2626972.9889610647
0.24623553080165092,358204.1507218327,2.03826681839432,3298903.916564551
0.24480585686633025,382909.34235284064,2.036152649952771,2550275.485481481
0.24296833244542104,363261.09314513736,2.125093020331599,2748644.7180833328
0.24262642313689473,357849.0965461565,2.0903276210411774,2749149.9130365094
0.24324239259763453,341456.71075564425,2.0324844876128756,2644341.06850508
0.23870529923866043,427733.76982176374,2.008890204325501,2516879.4144699047
0.2398265352912195,380511.33287645155,1.995514430223808,2475962.8341813106
0.23759194644934825,375796.2539755358,2.0655894007042357,2421465.789081611
0.23761116467935703,382043.0730882389,1.9993666276010325,2603221.526155801
0.236804724077455,368667.2709966703,2.0232237858077635,2463442.5009966916
0.2343771625517808,401035.5552623179,2.018861413180311,2653609.3132504695
0.23327497151202928,327510.1274490861,2.0109285271313957,2458784.8358454043
0.23226708536357077,380888.77171739656,2.0726406967215576,2626714.2754939357
0.23095569475688535,363666.90666651336,2.0135019024510314,2668574.6719016517
0.230435078786628,331052.6400297112,2.1255731454267854,2627860.503270831
0.23128648426038162,386437.96712812304,2.058349722343899,2679419.487928509
0.2290514325225103,329644.32300166483,2.0363142100273404,2382303.8207510132
0.22677064015996856,390252.3394438331,1.9421330058856385,2842255.711212302
0.22496901432834546,335724.7989086769,2.1427584537445625,2813047.5683495775
0.2222202391687963,341940.36362680263,2.0735521346482195,2540141.1049844422
0.22143775002561802,367672.56651495985,2.053371575504158,2593674.9030061816
0.22029093219273127,374996.95005663135,2.1041849902601184,2512200.529970647
0.22211136542374665,408515.10950572166,2.086907480207347,2779714.669486705
0.21946959391492493,349844.5106518513,2.0676713614559374,2947527.4275552016
0.21623706185601507,338885.8640249567,2.1021076994601247,2532485.0075005577
0.21919391903763746,354798.428830556,2.1274653356873343,2648883.523213719
0.21813187499465686,433206.64079365385,2.006506954521752,2713841.552498998
0.2185098151842633,351557.88852055266,2.0868466428893075,2278698.716971799
0.21542585890436813,374673.76181778364,2.176818682624664,2451560.601904054
0.21580181392879222,285552.19431709393,2.1497144583560304,2570726.771842587
0.21474433271680643,400604.6693256723,2.0597659613677495,2800462.004782316
0.21393691260355668,280782.609586804,2.073666538908351,2510651.1244776407
0.21260728540091484,328948.7954769066,2.0295264952702685,2581209.8786919857
0.2116672900478443,369726.89098530693,2.066803154672936,2525642.7091050805
0.2100879729875157,305621.7377943035,2.005321480148822,2790644.3206599443
0.20845285460040405,325186.28513700137,2.0916345225741253,2294115.432573417
0.20816029320530285,305215.0101711029,2.1014657900642213,2442611.9409799874
0.20786018134424689,290839.23126656516,2.0709307003335042,2730565.032682311
0.2042588284318352,384166.0149765087,2.170102318282474,2692373.2524914527
0.20445191436221102,303095.3645762464,2.2060510563771953,2462475.1887332643
0.20382674763902203,310402.03553946095,2.1361456062848645,2364772.278650668
0.20184232267533,314269.9561872729,2.0763929176216456,2408964.8746553124
0.2066865025171593,301180.15143819293,2.0932657767868386,2445546.000686796
0.20146169690402946,330362.52466437814,2.0838717839477523,2369501.819609167
0.20383450683947438,354515.1808055688,2.052516825000148,2490252.47696178
0.20413712951381605,295530.91651262966,2.0309187907356723,2701701.930631646
0.2001442112691592,358703.2551254872,2.0549552034839627,2627970.6654678993
0.1991668995783006,306554.44295229425,2.006193919699598,2429768.891343126
0.19981179404817276,280800.0022522195,2.0770841105555546,2428103.411009909
0.20080965087338565,325101.609341552,2.0658480101918304,2685639.290945993
0.19533026683494947,315526.2121508937,2.1851629433502096,2717955.003478326
0.19641333134327948,303704.55597833934,2.052565119632375,2640195.34035806
0.19718124157096856,308226.3037632226,2.0234590636517806,2424270.91082598
0.19471895845912027,328508.063661851,2.075587381619092,2597731.4306158237
0.19479479987984363,318647.4175386117,2.1319110645279356,2300135.511858288
0.19329836889862137,297261.39747858327,2.106325904373776,2594957.8067588657
0.19297985089831962,289871.842882267,2.084996444252555,2673861.4538307567
0.1900672688249737,284398.2320285511,2.1511891709092916,2597695.5075073563
0.1913323527908992,274373.4123369163,2.056946461478144,3001332.6089175283
0.19110719297674547,295556.6919221112,2.0703814712214035,2639875.83675115
0.1899859370625404,303112.11145873857,2.115607242829565,2325946.0199843487
0.19247741356770753,275884.22248066944,2.0475758001399975,2247372.539613765
0.18826596308538285,286009.8167457674,2.0547365056801583,2510911.712707606
0.18749609271452555,275186.5628892865,2.1525153677298787,2454377.633056588
0.1853150140297744,298383.81443504535,2.1502154844091783,2260856.66732857
0.186874991505578,248648.4993097236,2.072816722378059,2456615.857019427
0.1849184870472167,315011.08022168675,2.1351163218273146,2638759.2548463363
0.18476299455063164,307687.4815185132,2.1110938159498738,2228802.0192119656
0.18579426634160778,251590.01310335897,2.079252403366541,2774877.108730612
0.18597008969480636,298597.3702469564,2.0585489726658537,2354121.1208484317
0.18123867275042366,341095.9750027104,2.088508571010844,2440766.8348540072
0.18386919497767942,298996.38988326804,2.13514210968862,2110882.415535863
0.18280400757795917,313817.76228689123,2.059895800146342,2417538.351841346
0.18318000520286906,264350.8052437352,2.069504933267377,2470118.0344174583
0.18174054043044807,287545.31829232053,2.144946149819774,2259052.8186162733
0.17923516540841075,302044.8726753251,2.059628452115026,2547842.8183456613
0.18123132220720853,247352.7778229201,2.150491091009032,2465378.0335348155
0.18010007875944928,262583.9814324479,2.0917624699794852,2527911.4716987074
0.17806855268634247,253083.3808824866,2.153659294652183,2363758.181179584
0.1793083810224079,286043.40320127347,2.0464459344223163,2559445.3450316996
0.17547501195992815,238002.58808722498,2.112880838584158,2398575.0241193166
0.17722589212781018,255591.7360193644,2.1584384486306543,2507512.510034482
0.1751360336729288,305861.0934753115,2.1492254226962997,2307296.6270695445
0.17421712187654959,316230.3443891481,2.1364639871604707,2296927.5375862634
0.17474189338877996,258198.72677006695,2.1629136047283404,2751363.6628541527
0.17293544037905573,251718.50373320127,2.022640396583733,2569008.182332223
0.1711326050083826,278057.79174944793,2.1068204882042942,2949531.3234751383
0.17396348871075318,275117.11439208005,2.1057160734381464,2381938.936361931
0.17513440468012667,251818.50030682763,2.18615554372529,2371104.8329418274
0.17213332469490825,225789.5174734828,2.1994885387015564,2408964.800407234
0.1686763318293198,325777.6623356623,2.1636656094481763,2138294.3086756286
0.16984941544186838,261297.481524348,2.0914705472187904,2297447.957912453
0.17020132576340474,313596.3215887782,2.191523880577715,2266825.8878364344
0.17197018844597556,250443.82090799636,2.0646462142378352,2404687.4600747623
0.16920279687977505,320188.6408043369,2.0654941389669816,2520739.9983656574
0.1673053332854146,267335.7064100295,2.1042605233770124,2220793.6049425476
0.16839279571114202,287850.5073402098,2.169135773784559,2320979.190327965
0.16859532202684246,316278.9276045513,2.055271325552139,2591244.4872212047
0.16780048922399662,263458.40127318434,2.1753701373484544,2491080.45239772
0.16530601725041383,208935.1068225041,2.13618666962382,2480449.645049426
0.1674976974089475,218580.10087451973,2.1110793075766923,2328057.8916557417
0.16552911003167928,316444.6124385572,2.0644151658809298,2194466.3442176683
0.16472161075477898,242959.2281311773,2.1311199051015146,2422541.2211185494
0.1676855347410123,275352.3784055582,2.1609963359427673,2725031.2663902626
0.1645383622498024,196037.12939027476,2.143147741860342,2415563.8575560753
0.1643485112945186,290355.59258584346,2.1335897086232216,2183813.8149642167
0.16240757606373196,278893.82546901435,2.0710364303794266,2430327.3440234214
0.1634115801640974,235653.98346319728,2.146543421218968,2237965.8548296336
0.1617844599590688,261709.71075224178,2.111071515290137,2500668.492305143
0.16214603517854143,237675.16253889565,2.195463061724956,2417660.7871830696
0.16066314396584797,298522.8241097634,2.1225635987571922,2353274.489498055
0.16043748962063883,237041.1926800879,2.2463508355485584,2665438.387058314
0.15943260366741435,211261.84221027562,2.1671413408222935,2489574.6371367783
0.15950557998869475,265805.69096574,2.1319105563105274,2462683.241148834
0.15991090385754617,210937.27047329213,2.2444801684307403,2301858.2582753417
0.16061271010601924,307197.86637816293,2.150325246246639,2462333.895832179
0.15793820124998584,192536.97980156643,2.0979714028463725,2920648.6784864007
0.1574261705979674,253498.20900249714,2.145726634968978,2647091.508124196
0.15724861289656233,249468.87614945412,2.193228769544852,2383361.162289842
0.15580994518001837,238006.0041722165,2.199701103663466,2313546.989756003
0.15897075577953823,239049.9328868231,2.1166068518407823,2284376.6124670524
0.15792353287967012,271858.9381049225,2.153499012894877,2205491.2718924345
0.1557408515529328,266563.18467898923,2.100375539772246,2410773.9241178273
0.1564949801166702,221790.37612644775,2.1441322260191082,2376431.917359172
0.15288841284652435,222491.89158732854,2.225351022668417,2479108.928719071
0.15662698208407375,190977.72124894022,2.1774837844499455,2599371.971681107
0.15597456686188857,293961.77554951905,2.209093811338689,2414782.5754933404
0.15400584029403636,244388.5386882676,2.0783156554141944,2439089.723284583
0.15328051096636744,233144.33217936376,2.1300949164575136,2461178.9308203203
0.15339939176034054,204459.20426701283,2.1335234540756183,2453187.3038275577
0.15351519099530483,200379.1690097638,2.055818188593411,2171947.6016113893
0.15304736564160745,228510.05139385015,2.045372930572948,2087491.974892886
0.1526608605134156,252123.8519497541,2.12425871177808,2314665.57239383
0.15408552712226847,264383.68055105,2.078012087728105,2297151.273033012
0.1518042438110872,264965.9778477438,2.1292165403340415,2594662.0939487703
0.15111345946845092,248574.6246806789,2.1393025141792172,2352234.0717795985
0.15133942928022323,226358.06058812677,2.1133215944459613,2345531.9418915166
0.1485092009439003,190239.62102784286,2.1588714646965026,2274443.0328489593
0.14942274027694585,227123.4593712248,2.106295363403101,2244751.543747487
0.15074222782215368,265907.56342237693,2.1837486372071044,2461105.1617166973
0.1465310324134751,232683.79904039888,2.119490505940822,2325808.63888663
0.15133162417698734,269930.57779314584,2.148013253572848,2929279.467563345
0.14878805071374498,236036.86183098037,2.0924196607011756,2279044.001345991
0.14870853848711724,245473.94144482506,2.0918873556709348,2027337.0973986809
0.15004505313779465,281662.23948490556,2.0987180914666315,2646924.63855614
0.14870851400915175,149958.9105488957,2.1126586756875976,2557681.032023013
0.1482951165135227,167338.9684067839,2.168876410315146,2553959.055593232
0.1489640949506875,272859.0088562957,2.0727875490157217,2616324.1744933864
0.14768073858013006,301867.20373003854,2.177370952197687,2291495.766567704
0.14591112391114933,279727.80248472386,2.154134748084011,2156320.383504066
0.14496454073444512,235494.16843818477,2.1346979262477226,2253166.3144833664
0.1462328772145207,254398.13139022834,2.0308256631406736,2277845.464718601
0.14614040959867844,284935.66268932,2.0009603300673713,2610724.0058111865
0.14298167602339787,317076.30628390866,2.103689909908467,2474243.0575989666
0.14484332216421103,208177.27229215967,2.1326065183292062,2292661.013327217
0.14449910641606176,215401.40786759308,2.0659364522876333,2353594.1862535467
0.14323213539388394,264358.70918487833,2.1769311627049377,2809532.005366497
0.14330594884061013,123451.08746611615,2.080218371181049,2526810.4001790835
0.14172870186772482,230757.3482371737,2.1215901257854144,2389048.626894605
0.14490110706274031,301493.92903659143,2.063616491883164,2373684.28714002
0.1418607712324076,216966.08525966728,2.2127715145582356,2233350.4967748313
0.141314689226937,231096.54673271748,2.044843230531346,2445227.589986447
0.14172805190626894,214661.6623997936,2.1641533627967937,2411441.5707841623
0.1434875252722973,206990.5139356347,2.1889794970428804,2450390.821690109
0.14090508975379976,173950.3387488937,2.098296680387679,2573839.2183219097
0.141526136380523,234855.21798130788,2.1354484616586844,2371220.387667059
0.14075842501422126,262888.61925717327,2.1583429128867655,2389671.1841654205
0.1393435314655214,267037.0357117587,2.1353649939030115,2533758.358670672
0.14270747202275585,240205.32254933743,2.113736432218423,2373600.299891413
0.14028410803989047,208847.6893092,2.0836809154331344,2187175.4740475775
0.13851476384542535,241201.20633300184,2.0931317848321958,2427669.3836821024
0.1401643096969931,253865.15808541857,2.0702257003749946,2665536.0999837494
0.1372171688396269,160352.84398544603,2.1869049497325372,2375798.9712734786
0.13932305892682045,294039.86313083937,2.1012905681700254,2365944.5699761994
0.13586783938950228,221025.06252574362,2.0911114101027644,2476718.4607804297
0.13835550961080265,218660.47914528285,2.0897935129303153,2282218.875586665
0.1362581492855444,189426.78934942535,2.075844422379476,2373237.425178051
0.13602349618455087,226734.7888772353,2.0518505402820892,2428384.777440385
0.1355244804989429,203861.75692470543,2.1156473249651664,2377976.897939143
0.13520429363193076,262751.5618284519,2.059567090604179,2309742.743184463
0.13469484828774295,281133.4015469928,2.139018942701435,2521791.2759389007
0.1372914010306601,257619.74497223622,2.0166288248051294,2524159.1620249837
0.1353238758868764,192877.15582941106,2.0805727713057425,2470117.3781229737
0.13633170497568348,275501.9946007007,2.0948622552641774,2442920.486222957
0.13599452154523323,222139.23047438017,2.0987957585831443,2384087.505111124
0.13346644643685013,149982.12072232692,2.0587281346356767,2411514.3719562003
0.1346636423339651,232508.30578134875,2.0813463174259095,2654753.2937981472
0.13298074908564408,274292.7170225295,2.1393936377173586,2445920.078328684
0.13539200398600126,218562.71469009403,2.114824029452923,2721755.31578488
0.13386539559429184,208597.7941070447,2.1095027314521864,2514825.082035778
0.13351595531969604,213865.86118796785,2.114759324661743,2344411.7812070856
0.13483186373295325,191949.16530852584,2.148490509229472,2582080.571330861
0.13377850025120877,249277.9913999059,2.061291009553207,2580686.961062286
0.13173798974916612,263701.01141485997,2.0995500623341843,2458289.5310173067
0.1321232690267024,205128.1496874746,2.0737684161727956,2753782.119687294
0.1341255023081722,270631.1595951976,2.1034138384530046,2308708.6974713653
0.13094904638746613,216075.15317335908,2.1490069625265686,2585579.528799191
0.1314547174361575,193888.07855158305,2.116467664600524,2640658.5475653587
0.13199655934337765,231587.50195457073,2.110031284545661,2427752.5719459574
0.1340636774663909,227197.90794070726,2.1136388718778774,2480439.432910384
0.13032883265767098,266526.991313001,2.1154896962653367,2537311.4889008603
0.1287781914617622,219366.0846114873,2.1184797796203174,2611507.2182824593
0.12934206172207363,200396.0221804877,2.1100063774709104,2488737.8137334012
0.13216902345176818,234509.88037807308,2.106406026139004,2421990.5189804523
0.13004313948168864,278294.9375289342,2.1080994042599945,2227745.3249742724
0.13080410927748062,194135.32140489438,2.0564677825845576,2205505.94674003
0.12846673627825828,218361.89060488655,2.1146200003468487,2447423.884682854
0.12889453293373831,229541.38940562875,2.1678075998656023,2434366.386358628
0.1291251920210083,314011.3829640587,2.1724298507412003,2297695.376716746
0.1269323917416528,235525.10933698708,2.0771069150109365,2356887.3235207256
0.12887166860945706,196280.8257781057,2.0798298210716877,2481124.8826010814
0.12789869477668692,177253.08592670958,2.060691710827845,2262519.4457233986
0.1272840872040976,204206.16193711472,2.077799748276081,2615101.422419047
0.12874352613852152,273899.0303508579,2.0653384907888217,2633335.742573477
0.1264636098167384,229220.59889534698,2.0968853118638595,2466477.9865626986
0.1296828800814827,215883.16912826663,2.0963008631284885,2146594.3843537197
0.12663769736624206,186058.3847162134,2.1692340088004736,2765753.626630349
0.1257491467378776,199767.86720258006,2.08710575317716,2347891.349153693
0.1275463773068917,198436.60573438785,2.09589149564674,2299525.9288808014
0.12821209266283506,183440.2373057426,2.0873556416654457,2303120.537599546
0.12578095592686478,140151.86067571014,2.133639629608209,2352365.5411183676
0.12661593381069838,224179.0517768031,2.122419903030875,2541413.395209632
0.125701901777219,202009.21204965326,2.103991878913471,2530180.967218349
0.12699479789763615,267475.33911076956,2.0637550576518406,2485535.39643146
0.12501706093994538,229770.73951512546,2.1398077031077647,2453660.939339428
0.12484257027222487,184728.96389282303,2.073363360622633,2377782.8225078485
0.12393723509891845,195545.14870244308,2.0868935711969345,2385182.3156145182
0.12251658851114357,219653.13524576588,2.059117902584002,2328252.819974917
0.12556103150886916,149505.7612224026,2.0426516798203695,2489386.178892719
0.12468126250950709,216581.70656275502,2.072710289985093,2414459.3105979143
0.1226727906709557,197299.95183825138,2.1050022609070536,2423870.5902496097
0.12678559092094288,211967.50728517954,1.9946419814015948,2343800.6920652604
0.12428028299635983,255884.3835059951,2.071667764060625,2119800.0532786795
0.12396035170129448,212405.15046731965,2.1024006253903473,2560537.1475472595
0.1220038589966358,211183.65820993064,2.0696107864094606,2243248.7939068484
0.12308718046483484,218092.9636024044,2.072185123391113,2230999.4829553645
0.12397285775490346,248119.68643316187,2.1736391996360274,2158354.0404237476
0.1223259933212631,189895.62674071995,2.064402975081827,2427284.2169094034
0.1217676364821476,207455.26749944407,2.113300349731628,2368370.740991463
0.12209395987706442,267878.0606155028,2.088904493767239,2442720.275196483
0.12169378509559546,186994.14256037184,2.1275132433440276,2371637.21850546
0.12103722680091926,194776.20274906818,2.0740000912788705,2112019.5616877857
0.12378635755079401,201826.55181018476,2.1418919330794335,2540972.4089796846
0.12458020031322677,209121.21751232425,2.098865058298707,2434510.774644268
0.12128159720235976,201096.68622539958,2.10103813916525,2421448.2386003817
0.12032326339729427,168816.61042964956,2.109785941486547,2171842.7781436956
0.12067271494559118,288527.39710691874,2.127825894899223,2539182.1773116887
0.12171028540504017,234624.17409967695,2.111131388806598,2088464.8717933265
0.12006749759464977,221369.0288264759,2.00833158367521,2191398.936618482
0.12103849893652963,186194.24792864174,2.066779254476289,2405625.4531602417
0.12108351435774826,152118.1677034134,2.107465383145683,2283840.5898652645
0.11996293907723624,227945.30237393331,2.0820605631470857,2367693.7562200767
0.11769506259246515,174298.79686604018,2.1268680872333787,2537541.9342634343
0.11946853658055259,207492.48541747394,2.1355554647442827,2273373.2143350155
0.11989859139820185,266556.7966255492,2.122932639907942,2329319.5648133405
0.12008097344415075,156786.4253755494,2.1260213272820465,2083323.5111078005
0.11972823534382554,130694.80056559456,2.120156253913973,2327699.7205759995
0.11496643029785372,207489.49669273314,2.1116798642221553,2156415.9737112494
0.1177444514566348,197884.1549290409,2.173380744339569,2589811.913964361
0.11868772624335351,224553.82711239788,2.1309726538502667,2566168.623188734
0.11742140145382222,198839.74236054585,2.098845327538785,2287909.920059971
0.11858446229141556,200949.94500594912,2.186598622153485,2887361.333421699
0.11690350095626201,162618.44406585867,2.1394819455912755,2398858.148884704
0.1162571195346206,212746.68285032656,2.0543005298862123,2528940.3499959134
0.11645281067529428,176685.7381796888,2.134451473326231,2646319.4170594118
0.11676658667453674,202693.59470794233,2.1037550531673173,2478338.3882981236
0.11712617242570503,174147.4511558566,2.068343437684356,2370826.5475464254
0.11617120387883892,226429.21838725422,2.1411746583083344,2308050.9846487
0.11666409522379456,170842.07666281855,2.0296782391748134,2660558.2321800487
0.11610654413970369,185448.5864008614,2.135186631701644,2448427.6677967953
0.11651977704126713,213290.4039330179,2.058839849751045,2738672.152212592
0.11595249775393843,168077.02671761496,2.0630878077058283,2256757.700567297
0.11653417098022197,221321.41829032905,2.192184142855303,2501937.9836590486
0.11603395749800556,257719.80380557486,2.098456175356542,2391719.224527841
0.11493067442526242,171087.32403919473,2.10022224996249,2373479.1899845605
0.11480416637635425,229596.6143974594,2.0874766430525304,2527011.143294654
0.11429949138569016,166452.10448288175,2.1527429007856282,2268567.796666389
0.11531806572069636,205604.27219161973,2.1431546980058793,2312149.4956823243
0.11545438055514208,182398.24402983807,2.0885344410313484,2158914.127548738
0.11438573229809508,263363.2094585751,2.106040340392774,2259741.034518836
0.11320614120656412,218361.6462512482,2.096141832444684,2200056.515256484
0.1124274790464379,239392.62177848347,2.1237011278171294,2340176.4982117573
0.11383197303025952,166326.5936308478,2.1240813507493157,2360154.4267036146
0.11548226871597234,140177.31645551027,2.0894347118682357,2357768.4108895324
0.11418961661086739,201909.11322166058,2.1530590803367167,2345929.8598504574
0.11377308199429544,171415.09693095592,2.136370080907367,2360403.843892357
0.11364761934081301,161327.48653334894,2.1325505965846476,2529400.8806814137
0.11207842628930616,184324.0261180149,2.1025553729553406,2394741.0078574135
0.1131400745098113,210760.99975801285,2.1349948511628596,2207536.3645897266
0.1146336273456845,199378.41891113375,2.096211183509747,2632077.064775874
0.11253526761505704,161197.36696425697,2.1189371466173084,2370559.420649705
0.11245620026748121,168092.33994456957,2.069666946216005,2586376.6626688107
0.1125224724865221,183851.27009772498,2.051253669674868,2401702.2953067613
0.1136398849258931,183687.13072090503,2.1217041847201616,2664022.598642019
0.11459373776063157,201352.923643359,2.097539323195704,2978565.461398258
0.11209528780622022,152429.73241649204,2.099839848670423,2377475.8593376037
0.1118057185561225,156058.54779900645,2.092769921913569,2536773.6114938105
0.1129020015064584,155672.29416951982,2.112070425092336,2376816.654684799
0.11155676988692313,244163.46876368477,2.0794923117943163,2596262.904688697
0.11220063289971247,171909.39949059932,2.055075673689002,2030608.110588076
0.11122495168248174,203063.44709807742,2.1170901862796896,2523103.4297826905
0.11201632605193806,159850.4917561632,2.1231033140907662,2288145.269918181
0.11194693809383964,157341.33789607786,2.1243302586047976,2387978.007155756
0.10920958758673009,173130.3972994179,2.144580963732702,2125268.9812650713
0.11237659523657358,205229.85063174847,2.037962430827888,2466322.677712338
0.11284064469289266,206082.64643300883,2.104077898026083,2160200.7797901086
0.11023163042108121,251618.61322772747,1.9792410171285133,2051258.3358792171
0.1102206849790624,170724.69854158754,1.9954419817854607,2673891.6054264563
0.11043722184060675,247442.68537019464,2.0766479654508974,2057499.188405173
0.11007217186698949,201122.42640162804,2.0868093580176934,2218293.490824351
0.10947033133721636,138182.5876810552,2.1660223262523273,2401750.9910051194
0.11183317279840448,273259.79902002163,2.0986601649520287,2381882.322151748
0.1096029147624001,182500.60633744008,2.106962987344635,1982505.3131920816
0.10776216826872678,173166.92192711282,2.0951316330271,2171191.8874045033
0.10925880977143171,193017.37617364965,2.0967742053826983,2452171.6571205454
0.10990773241044262,241122.25987833983,1.9893469288432595,2174513.9995389
0.10877404188261847,165479.34343891012,2.0512295362659105,2027235.8370740197
0.10799532788373697,260793.0665350373,2.0722484708438547,2563607.7814270076
0.1096897971102517,245897.72429264773,2.0428043841031935,2096962.9030770345
0.10612700350868348,169534.15850573796,2.1420470533562104,2438596.3892260706
0.11025692937213308,235692.7097681097,2.0795828799020377,2312154.244421372
0.10617681400702263,147935.97675203273,2.0781269507104323,2282698.3826898704
0.10711323028585534,150957.03327249008,2.0405872064260104,2326604.04432277
0.10882465345913468,228132.85008021517,2.111702903316223,3037662.8332971884
0.1081623781944704,204265.91826248384,2.0776288266171963,2198956.1080512144
0.10788659613889894,225391.7702970521,2.0521514817265527,2190007.5333390348
0.10840857691532178,200693.60113430113,2.0443836308295875,2209170.018577288
0.10693359450730443,195301.10611373006,2.0648222762668986,2218594.9713008604
0.1066012465388523,153951.94044765757,2.0351701106563,2535498.026451047
0.10627754378466306,215578.45422639456,2.096494430915132,2549111.8839473263
0.10604545347928866,186116.70556342974,2.1182730239984555,2523362.0170904486
0.10718962920721618,180577.14105746904,2.1269175698933327,2373101.549358036
0.10604475968848684,226007.77600239564,2.105301125977448,2292312.201614608
0.10830234064624325,207850.3150628207,2.0654432922646273,2736595.92960365
0.10584936447789263,176710.7220661099,2.130029816988375,2759639.5993689294
0.10730626009406066,181412.27019952328,2.08954468965887,2443203.454231867
0.10790631710221767,209444.24776121593,2.008012138010676,2324448.5848530806
0.10441429479775752,162164.458395943,2.11362084649189,2440515.703687147
0.10818479378772282,178097.42036994878,2.1184359874833745,2651851.042769112
0.10849452551806917,198758.8397651527,2.0816136471996254,2667879.1266823076
0.10532693116139671,183556.53738334708,2.041570782126547,2196243.1734744413
0.10546808101584505,160075.64770965173,2.073583131203065,2258208.2169856904
0.10734664209168732,179293.63402867565,2.0507139502048064,2277291.663967903
0.10506268110968722,152598.00958931292,2.063677509067089,2552016.6452692086
0.10435314567422858,144834.9112333971,2.1592421822657744,2395445.0914496863
0.1058393842823087,190112.23245497126,2.0873392832839057,2345861.354959153
0.10409207743427691,167931.99030977816,2.1166026541618326,2197659.9458219875
0.10497679422725109,177086.548041937,2.026490068991955,2112655.2120543174
0.10401927130379525,244239.42835640488,2.0824915761545393,2759871.521862136
0.1054190049472624,179378.85332767063,2.0807992699543516,2597659.000123385
0.10531783174887376,204455.31895504217,2.0431906977992127,2291525.7794114416
0.10497580770028013,169866.2737895433,2.054984218518676,2275884.62795842
0.10359241360305456,171154.92776505402,2.07220457729165,2227580.6252958346
0.10521752495250382,163026.29298010256,2.062984840548256,2837798.3508685217
0.10462253980075346,162817.79761990017,2.073178456922937,2429596.731908248
0.10195661119830962,212732.10780899652,2.1250946160172974,2544366.9797193166
0.10390969753214706,206261.41177177033,2.084065142057272,2098126.7842901596
0.1035373741977273,184260.60606710037,2.102563691431628,2641607.5338321566
0.10366661157181013,163818.70975249776,2.0867002373357892,2748631.5870549474
0.10452649034468231,156398.7264160756,2.0344436948184583,2469765.3263796465
0.1033388398476501,177008.35183259757,2.10689417302448,2568731.325547392
0.1024778580256813,178763.63440549033,2.107536938388013,2446651.6268818974
0.1018303161518303,134891.71672264516,2.14801884824346,2984570.3163507925
0.1027400838293877,179972.15941177792,2.140628201641296,2407195.6309452816
0.10319925892669493,262844.4455978218,2.051053988159755,2513645.307444215
0.10346746403036329,185018.52033827503,2.0759286066033047,2638139.4319209065
0.10225482720543165,226952.78408142933,2.0881444852294373,2111451.5922711664
0.10357017229257855,198462.3369771416,2.031625921555775,2826749.5934642665
0.10205047134638688,130459.69631072693,2.085721569363671,2467352.6934862724
0.10026083044861207,186062.6084907513,2.087380555586796,2436664.641042111
0.10086910156914941,182543.7015061284,2.048667855366882,2355672.4050738453
0.10239699516700883,203038.86944836937,2.0402459276674607,2524479.766808428
0.10380632879770975,221003.3051185125,2.0629070226639072,2610106.879706161
0.10269658336753366,204437.1772798437,2.0399654238943636,2290517.2473265897
0.1009180069127381,161757.39652974057,2.0847588926241705,2244184.3113051634
0.10092625527836392,163126.62959462448,2.0832865033504886,2170349.4852436054
0.10124967052854124,179648.46668842965,2.078230221400602,2169641.999153532
0.10167095826925727,187579.4887892613,2.108579655304092,2142984.1039338587
0.10204808447765489,192970.77443048666,2.075148612269733,2671174.5640431573
0.10069042749966158,170142.17492711384,2.0973199555662054,2532985.154362673
0.09981056632874888,182695.77625830466,2.0785762665338083,2522923.506386472
0.09942696696499582,195170.34865487475,2.148040104226156,2905486.4963581157
0.10109855807246455,230359.08891563193,2.1037929766270134,2147971.4948500013
0.10224760039281061,155645.0237150295,2.012730447253958,2584224.502746865
0.10179236755915227,168719.38019721908,2.0818525480361103,2456305.950974218
0.10015146705979507,183247.08653854724,2.0843994720874344,2569753.980808583
0.1007993447854932,182920.4662094145,2.0678738502196627,2296388.0727884863
0.1005383237672735,161472.80975534947,2.0113120810770897,2525169.650646843
0.10060921073770694,224132.2633366501,2.0928605002911906,2253472.813557966
0.10044515059848105,155863.81786398616,2.075106576143037,2588420.150806556
0.10066907307431848,191169.83448247227,2.109746948245611,2383016.1170761106
0.09866714808683798,191366.1673543149,1.9646744337261632,2096073.0644446192
0.09996904016396915,194798.18668873864,2.099293159504262,2270335.049425057
0.09816289527298439,274035.1388472689,2.0739866422743916,2229816.3600016967
0.09973903731336536,233169.7286047439,2.0938888929790984,2177697.3939747014
0.10070087391465773,218415.37881122562,2.1195020361856685,2240282.0976588177
0.09996349982609037,184062.04224762807,2.0945630738238106,2531811.01504638
0.09856365791131526,237560.00433056714,2.1031839695655763,2768459.8126605186
0.10022131060829871,149954.21746026765,2.1195172645929437,2741410.1384861083
0.09940223548411423,202831.94701848913,2.0617936495496525,2565638.2732648537
0.09907852575582682,222034.26032331746,2.065308423089368,2365071.498176481
0.09983683198172406,216499.6485174926,2.057176355327135,2334100.999282305
0.10108944628125167,178711.36134778082,2.1435600632220515,3318904.8078424176
0.09916621998400087,174288.10509671358,2.1508815731433133,2520745.344161588
0.09815331151149076,147072.99185626782,2.144129436314908,2457054.727802894
0.09941223849314228,200456.42429741996,2.084343664024962,2532356.860313865
0.09880261726771729,182158.51353502012,2.0624650235736652,2644032.056801278
0.09897425793000121,175143.635901723,2.075833694185285,2167413.9443688444
0.09809359502425248,163124.97554070744,2.0693812888074414,2307742.651160356
0.09742409588820809,216456.8683730759,2.0253752697879883,2231631.388862005
0.09810586847982852,194436.08953972446,2.03403180393672,2531970.7697249083
0.09494174170050394,157933.17314202723,2.0923894242615604,2508497.885706745
0.09789349004730438,130861.95564767235,2.1013305701433524,2507733.0916335424
0.0973872154987694,181045.36198429906,2.0332945844494508,2269835.6543504954
0.09558009096271212,159486.36677519558,2.006587347440865,2442211.926150186
0.09552055158125032,136641.61250320598,2.0448353710625295,2371524.463366459
0.09690315556080248,197140.93474630028,2.021131475279155,2308330.7906091856
0.09835248238509305,171716.9962632781,2.039488174085877,2431660.677238939
0.09616603113495513,185776.592207129,2.069038262596895,2551081.2840210474
0.09705505471260634,224517.38029428522,2.0320083593630414,2118972.278828538
0.09766918979901887,260400.14803644724,2.050380749863634,2256169.906307137
0.09678984835572173,186518.01536165975,2.1107686880353036,2295039.8120259256
0.09697125668553172,138079.5048858798,2.087104074476438,2286481.288578936
0.09595115680930949,183064.0164535237,2.090472615624558,2517543.93880142
0.09658229733637279,173039.20422677582,2.114327734257695,2427284.093830208
0.09691403015825849,153066.737331074,2.0413806645983605,2629703.1448974907
0.0960536576651252,137926.87945061372,2.068120458616028,2532055.2826609677
0.09679480863500357,162454.69757362883,2.0867018934997867,2939871.0165176596
0.09606184791397017,124941.17473502549,2.0756582342291034,2680250.0595955877
0.0961832097407248,232754.31381118344,2.0092428230504735,2097847.7898145947
0.09792656877693778,142588.91894763245,2.114363858487982,2488164.2982658683
0.09603977456460845,174547.52845787222,2.1055811754501117,2074287.4173897216
0.09455607871314022,134728.51999328026,2.119333226274952,2232140.5684120893
0.09548528188543601,179138.93228810735,2.036371916737558,2109614.3382835193
0.0958083257369096,239494.22009090104,2.1518628232820713,2415325.835878366
0.09625740227673604,166952.82549272772,2.0663089048994396,2593065.807900662
0.09600105678218199,172435.19748702302,2.0489865333563975,2572260.3168390235
0.09450266141308608,135253.54421019938,2.072521825054966,2692400.103528752
0.09358912357423879,181876.37306805223,2.0685481610071363,2420250.937728206
0.09561396835995783,199762.31493415163,2.1147590569311583,2393165.7521629506
0.09545830978566615,176491.31185854852,2.0224763520492113,2523236.250436934
0.09527348892947304,176803.2971340996,2.0459644056315054,2386495.3209437337
0.095033775769412,249163.97865957522,2.0870940912779026,2575052.347197692
0.09490194524559703,166523.86194801872,2.0150206641740085,2583944.0986609496
0.09563197047447361,176006.33528012093,2.105727661593817,2330434.974279743
0.09524551599840575,174180.7148423028,2.0289785265031064,2617092.7304442916
0.09499048119019904,124920.29035496166,1.9971492140014264,2426461.8140779953
0.09634549292633174,196352.83104711433,2.061456661469702,2308692.7864925144
0.0940699004961416,209162.15773663213,2.0160767338142542,2345238.3842863813
0.09442788978763053,137241.05133005758,2.1159634337680555,2587901.801057141
0.09427753562836483,161961.0701541162,1.984752359627037,2351148.702194045
0.09388711080081788,213760.19053065986,2.0292263413274356,2312350.7377366074
0.09332196224722276,138560.98794219526,2.0501718998953784,2270895.4761583633
0.09293129621962169,150416.33223175906,2.0453101034618015,2524549.8434487907
0.09300778628566778,229711.61390872338,2.032814759463562,2342408.601096096
0.09456380008637691,282139.86356112035,2.0129043540304163,2180670.0339616095
0.0932627753536721,163731.00433459083,2.06289450879087,2230139.151968237
0.09472641892746674,188270.41008289653,2.018667595207495,2388539.8644729326
0.09357855206043311,239039.9278036442,2.035367215710274,2372816.157787098
0.09468156755556124,116376.44067964854,2.0320020893038726,2272211.2641434963
0.09337050906628308,120461.28490358703,2.0203972530336465,2126036.1797397896
0.09300945332668328,205988.84907692313,2.0320023586034703,2312362.667502357
0.09097109938555216,185319.05864772224,2.069525446251342,2563137.9011506387
0.09427788389831551,162828.9451884463,1.993239451410383,2174801.0837674495
0.09075251160706461,185550.55128400013,2.0091524232550007,2607103.4217128726
0.09189322771004461,138600.1973708272,2.0444398257249565,2210902.3634479055
0.0905910261881874,142667.9932700863,2.0684827522999005,2455507.610920209
0.09227693164796791,220334.34258263488,2.089092774409717,2195275.982476748
0.09178929657008637,261519.17659721614,2.0676475451301393,2566327.71867453
0.0941449994572885,156825.3707806407,2.02295698849983,2037541.5359323898
0.09287697644635047,179337.76688891667,2.0682372711676877,2482279.973535568
0.09125255101483372,194998.37387489853,2.0403270039628305,2418533.9663492856
0.0933685986870249,178382.603062796,2.048735376107561,2536374.1442681034
0.09063820180129671,149324.98204994455,2.0296697706438773,2429096.8974101814
0.09348542944663822,216486.34560344415,2.0535894373095824,2398906.2221398656
0.09277237135612197,193629.44150178897,2.0354736619390774,2611643.264474527
0.09245241782614803,195429.38002635553,1.980081356252841,2209394.4375509797
0.09348256959483639,210530.62871093577,2.080665499943657,2337768.3925209627
0.09259817353014277,182393.65885979924,1.990166253042264,2173411.697192928
0.09069304655545514,176006.2770543894,1.9945868863839786,2720040.3666860755
0.091504836589768,140204.35439245906,2.0122727600357826,2067795.1491269276
0.0917733916032749,201144.08951287527,2.058291274774513,2542523.5136873233
0.09309871137795321,200091.62565965363,2.0138397469265246,2782571.915818945
0.09133926329857321,193932.5139986071,2.0536986905017227,2437403.004307276
0.09063764016434125,150559.2513190139,2.030081755809002,2322947.421017454
0.08990810924411473,190955.011161526,1.99595143785742,2532633.464458535
0.08937537154661737,150348.88024799642,2.1001906503362995,2286461.1278023934
0.09257162028869789,112822.32252067927,1.9981287536312997,2373138.2373839435
0.09119512223097184,138044.8319531997,2.06647392578764,2439641.0175779834
0.08971749686708348,131660.24643716213,2.052462904317059,2293302.278045029
0.09157611318207093,159846.6735485415,2.0275757170850346,2280609.1924649533
0.08921381230885717,182685.24188883652,2.024391838721875,2227695.838030976
0.09081896568474147,190957.82771309558,1.9647062796873138,2254125.233457638
0.09032204319280779,146381.7385887162,2.0718487111387445,2326904.0648009162
0.09070109407493664,157956.91610713882,2.0328163257659355,2173149.1112366226
0.08999310819273429,189849.3041583821,2.013592919296324,2635008.9431249998
0.0909017400853737,158239.91241598641,2.070866889594167,2280257.1032924578
0.09022588175984517,185578.05973519132,1.9977161401479928,2368010.854485067
0.09061280600114285,185196.05100009817,1.9951725368402762,2370908.9207650153
0.09033525007325242,192467.56413048075,2.0559379835525315,2398700.6925018933
0.08957218750748251,176066.68646265098,2.0718278431300448,2409472.7204893013
0.0895963731710478,162192.2791054742,2.026689084532587,2240195.8307686048
0.09019629185572027,153300.08007460219,2.003586143923847,2225763.060672104
0.08989291365267017,166825.35263155142,2.017815409896262,2497957.7172227837
0.08993265763046204,182716.38594561617,2.014457997611066,2309555.116877929
0.09073924802591395,187270.0694575444,2.028828224378398,2276540.738910982
0.0914215845735587,164908.48636062018,2.0186276528566425,2493706.110225391
0.08801843883881784,175104.08274202043,2.102231953980642,2330839.293711177
0.08904526452362346,174707.9258142021,2.036014187168369,2403379.6199975386
0.08982667400686947,174960.31981138155,2.010727560309782,2295868.568927499
0.08914198175047333,223373.52059622871,2.008667117993774,2269017.9663109994
0.08970681086095321,166772.44555900455,1.987698732433724,2440957.5666651977
0.08989331757675469,184362.62660868804,2.054346295698225,2270594.2411834984
0.08959553173896093,219359.4332230476,2.0635150249868035,2328159.459760177
0.08814352261275193,143212.48653267004,2.0793056162823613,2328629.628509483
0.08773432034227048,167378.7516604239,2.0285394185323256,2520659.2328798235
0.08773693347751993,149098.19945093556,2.0709593915810958,2590523.8100653514
0.08846564897723691,168672.6221460241,2.0266899310861417,2491199.5493469946
0.08785096177999856,145178.70101251535,2.0259827479180768,2439680.2882486675
0.09034810808550404,216116.67938875148,2.001868800706147,2344338.5936724804
0.08926530564532892,222939.72236953006,2.081309845730676,2357373.5220001386
0.08916497241227767,213360.6290938498,2.0139217563564107,2320621.916562465
0.08883288829826169,184976.23369557163,2.047323397095247,2370786.6407811525
0.08932789734512112,160059.25739091146,2.038640583128477,2347910.4398267213
0.08730352102539027,156337.64433447563,2.046469156948207,2325254.0732025
0.08802400837233088,184018.46087870625,2.0459492212992174,2108419.4683000096
0.08794010758974276,176073.33676994508,2.006008956662702,2354227.758019381
0.08879144995385524,187205.88219669773,1.9706849892125884,2030748.5626124258
0.08831778960891917,118314.57918963999,2.030839191736877,2743842.7803467736
0.08839380637799411,200475.8129683768,1.991111103945637,2439322.5355392215
0.08672598555005613,172808.83302254372,1.9954002028341746,2286864.829492179
0.08733358735846095,143807.34352694004,2.07830231852279,2348829.6865339037
0.088667610202364,205052.0669689773,2.030148458095714,2541641.9119186015
0.08830328381764806,110126.95339595088,2.0369444339887988,2271877.123166859
0.08796302390339558,161953.77047145864,2.039812196559832,1985927.5546164003
0.08883245686277108,183546.6858272383,2.0054585850242366,2341908.786051899
0.08624287423160967,177888.82520962716,2.041889728559836,2403614.864736194
0.0887881104791973,159233.32855147062,2.017376902144076,2501352.3871973227
0.08765146353058749,113882.14441684223,2.020876300359892,2348617.719039264
0.08635598389706674,168856.0051875573,2.1315839518125705,2213190.7700136453
0.08633320614901063,213275.71407453463,2.0528290726059466,2244527.2921033786
0.086741695993793,153058.87842264326,2.005766413720325,2290492.3159927996
0.08818159178786167,109506.82016261331,2.021353964815588,2171941.4515864844
0.08869121651466597,122829.90605351966,2.0800612070515525,2208917.8216610723
0.08802918670742989,162012.51911018972,2.0628431621440826,2307912.616095415
0.08768772180569594,175545.18307265933,1.9862191761962817,2379103.282508113
0.08611597937749776,173379.22829157332,2.0506437728407136,2294785.1280513313
0.087826590794326,165029.96030878916,2.04263527180098,2583701.59331897
0.08712541375463365,125869.33811149403,2.0103544956404686,2350582.192940719
0.08663404461270173,160723.43906496136,2.1042130510499653,2420509.1683263774
0.08584046997263642,210318.47953391567,2.0752296727323403,2450838.176812074
0.08762015511056392,186279.31227616887,2.010001306508139,2167119.77988343
0.08693071441672462,144397.5491486547,2.0364199159675254,2307974.5565991504
0.0857657479942577,168983.5027469914,2.0248200727229415,2140552.2091135657
0.08605907571950888,234178.60406054943,2.0326401094030984,2138603.4530956005
0.08682963813993086,157557.62927754337,2.031002024280572,2240664.2129846085
0.08709379953775473,140361.25095972535,2.033652465927576,2327227.5031589367
0.08767177956064415,161366.6954369818,2.0503944356463606,2290312.0295819356
0.08751351977512874,144120.416209518,2.021089868206055,2636219.7567016482
0.08569415519709017,173737.06913175283,2.03695762852798,2322452.9003732437
0.08539235930845504,155395.45510194433,2.0442414580438437,2423865.22193971
0.08539608300109452,122774.86519898546,2.0191235841836113,2744163.937797608
0.08671807300742106,106203.43250928627,1.937964741498312,2445966.9344977066
0.08584193015693155,140972.40472045992,1.9783912530888208,2348343.8626954253
0.08594519167367123,128246.83046798158,2.037167133630267,2266749.1109648077
0.0858785977044111,228822.70603275785,2.034596546731094,2384985.791735842
0.08412198592016068,211680.05845130532,2.0281326001253164,2224552.7032416114
0.08574279829586653,194167.13087907335,2.0214361672340093,2441348.559890021
0.08599989090432253,198134.78829608386,2.0974973568187445,2143897.608660201
0.0866911913386685,143941.07201974603,2.009550093178117,2289527.5478608236
0.08417746176369222,224907.1912751586,2.0842818554881943,2251905.1187272067
0.0849307221510945,168945.3422745244,2.0170783217781287,2255106.28887399
0.08591069570228235,141006.11083245507,2.0010987868609984,2381245.7689773054
0.0849238062893626,155870.08167976886,2.0603316253150896,2505718.320285148
0.08394752297569442,108812.33950904112,2.0076679878166397,2212739.65679108
0.0833059029135309,170931.1834658117,2.0876135918825214,2262618.185679948
0.08661022411837777,137491.1704697082,2.0018570074377537,2282115.1042481815
0.08422557075381076,138283.46573817506,2.0393136759343493,2262005.7790128463
0.08212368839064776,198009.06933915472,2.129745033377129,2417998.141256633
0.08696904492450305,165091.93029218682,2.064603763178655,2283773.9757875996
0.08416173202417623,132088.5653249062,2.0351570489126303,2221004.150566957
0.08417954103309987,206080.00129163428,2.034491702606676,2243460.590654353
0.08414353895633314,166256.56471235648,2.043224778604693,2246476.3055300517
0.08548643976314833,175803.7981570208,2.0366345923923284,2316457.598807862
0.08532224875594523,183433.61712946874,2.075082245894331,2069551.9982990352
0.08417098084948542,123099.9060713139,2.0202541813463855,2219495.2822052855
0.08522237559730156,126247.7589962482,2.0586414288661454,2228681.8663805597
0.0854597744230521,172560.9152133523,2.0396298019963752,2218632.2167474767
0.08479093324027755,198909.31933039526,2.0389692404653155,2316210.153292579
0.08422622972550024,211673.01580002563,2.048367440540064,2246396.407725456
0.0840552935829668,169145.3151324539,2.0153004675969868,2510967.0813618535
0.08360027701180621,185906.22635812504,1.9965463655992715,2320817.619059502
0.0844135606770882,153505.599101332,1.9978059163323214,2480990.9458937924
0.08425860838630622,137314.6953130679,2.0561775422331605,2531218.323745725
0.08530256185513824,124286.45612545652,1.9833630149035693,2162635.7289325646
0.08443794186947906,121034.57865072842,1.9993660865769998,2296151.3851198405
0.0849248581992956,116584.8082291311,2.0371199378773297,2339525.439635101
0.08346654189268088,152766.87519985466,1.9937146224199638,2402771.318870716
0.083479252678898,195286.44930074472,2.002792628839135,2229229.7661136007
0.08376942818075413,170953.69418125958,1.946992804966321,2564102.7834535167
0.08317860811470182,208888.31786571728,2.034187911122351,2357892.1551288534
0.0835972954169825,150464.92618458884,2.05409519193845,2379181.3564753234
0.08373304202958404,165853.03612963707,2.051128760162956,2213549.21446878
0.08220027522274571,252061.39828111543,1.9838226695207646,2196985.6283792853
0.08505138713460371,175419.9272720752,2.0182584559457446,2276325.8410523734
0.08259353033062328,128857.35258135354,1.9966466742791424,2198422.552122629
0.08397490517270603,157729.10885108847,1.9999608367351653,2325762.145476163
0.0838313368201008,132493.14882334587,1.956495726211963,2222627.535896233
0.08318430384497505,170119.5921308185,1.9896202843381088,2452365.534557622
0.08357894265784584,156166.07031654677,2.0184589390836005,2138233.9233488357
0.08406980358516024,108744.74336709117,1.9796868135142462,2210452.5159963276
0.08313372859725335,183735.44235719572,2.0609438635437853,2319407.9298899174
0.0826685774276776,219965.67359197125,2.0243696066707755,2254938.1542766686
0.08237193034701057,184959.45429262458,2.0247473351583842,2357375.478091816
0.082724064154997,144029.69381315028,2.0816883679959646,2336753.8949704138
0.08193492822119627,109398.21039814375,2.0439597944852443,2231754.572929752
0.08150871517514993,113667.17732882648,2.0369816799203755,2406916.858758313
0.08318993723135736,127074.80122428677,2.0277581558661155,2188348.5435404754
0.08333498650122607,161319.3635292291,2.024675720436217,2293796.9317932036
0.08209375867219992,181516.95199234408,1.9973210716475778,2304194.6733680516
0.08324311557652571,149648.88829202254,2.010261933603153,2249340.8234569244
0.08373268518435714,117693.41526631554,2.0167282451386583,2406734.2662959667
0.0821116174745938,131193.874713417,1.9700555176639358,2150108.3327446473
0.08206893949884335,160189.40338077038,2.0263982406819325,2476082.372458887
0.08066063931702036,121542.97467043034,2.0751615845796914,2408266.767600954
0.08280774811344338,194584.82546793253,2.056419881061277,2265095.4738206537
0.0822931480049051,150689.82213556927,1.9928049955616232,2048105.9509051247
0.08322656164908261,177213.6523347253,2.0211864877096595,2491001.6561058653
0.0820167926628401,120679.27209371902,1.9776819433382875,2247386.333019189
0.08342635168169794,139463.43577620512,2.0117458414254057,2363455.540235318
0.08215440973574738,248095.62770026008,1.9799678672975385,2344333.248336527
0.08092608990599207,183471.70663643425,2.0264686262967735,2174271.470366998
0.08227668461616292,131387.35915724875,2.0533031776854993,2366048.4753767466
0.08118592581526782,207791.74871177826,2.0008218353321694,2301873.3677987917
0.08219451100991125,181718.11784947143,1.9738482513222337,2262012.0425656657
0.08227538029863324,161793.31280509,2.0250992127389136,2383445.586412567
0.08277887565954949,194565.82817413198,2.041146426153796,2541400.103328576
0.08005745888133592,175976.32219890636,2.022934547912707,2359904.372480351
0.08242281903149432,183712.04679990676,1.9760338427811512,2390427.082351479
0.08117783825507399,235471.69533053783,2.0119328421816083,2570584.0037515694
0.08039213404771671,190159.73368019034,1.9661317466441437,2312793.125286398
0.08054114083711804,103742.09514907356,2.004031413264022,2300536.060554952
0.0810835861963224,176815.73085075448,1.97658608639415,2425043.315800513
0.0815612248064281,155632.06286262037,1.9681265139487059,2298470.4759079493
0.0800508063377335,156017.66700665423,2.0316175381794257,2603403.167786288
0.07940912246985628,103875.66618073876,2.0378043274304627,2410449.280264546
0.07997802808393767,123137.95012568509,1.9885076647777598,2253010.2875476945
0.0810862947983821,164494.18122761717,1.98172053611817,2386395.8312898683
0.08254605737347111,203301.84786679994,2.0312716560808797,2749562.245697017
0.0807707717794564,180582.23386561935,2.0115537279706994,2534179.130144704
0.0821581141255696,161106.82100393964,1.9417169793722624,2305211.802763852
0.08146780958596597,186668.54507531045,1.9637471449221817,2327399.7979312753
0.07886439195297265,160867.6434242051,2.040158582739298,2491543.181927769
0.0807254112920508,150679.76059244352,1.9364007859396928,2325833.615972523
0.07982361810969851,160757.3744574986,1.99836675485308,2414366.5828673043
0.08158800647791631,174548.53694882692,1.9926005011720285,2338900.509274112
0.08141141921005919,142057.79693918754,1.9931789746799407,2467490.5076053585
0.08020759689775235,117510.31960064347,2.0634304332476407,2915445.3476268323
0.08048383411017929,146120.6443211757,1.9838052340834718,2360302.4818115328
0.07937382415272035,160207.93985551683,2.0322523195516053,2432549.2724122447
0.08106817379129332,155072.92914160405,1.9632911958845654,2568269.3877192824
0.07937927246684955,181085.11779487217,1.9443615989844814,2415883.2404031414
0.08022682270784358,121327.00723633297,2.000285590654214,2261072.055716672
0.07977660550707211,183717.92326879437,1.9652424329346323,2669642.934379096
0.07941876845136947,155400.87826991986,2.048801383321741,2517092.122302241
0.08152135952127558,174462.16546291983,1.9726892316409153,2232494.0631602495
0.08188327522228733,121334.68522775643,2.034168019039418,2323399.562286742
0.08115157933760384,118946.86043185348,1.9639102450538246,2384341.4497777587
0.079980668283671,138092.84943746065,2.0207451262090363,2239940.9918642584
0.08057072530216426,140262.17533809794,2.0359451888458406,2710459.0491528343
0.07996081383207357,190358.9926106532,2.025390553253338,2556188.1662564063
0.08016525058333733,207562.89549419403,1.9623149601670749,2330167.849826417
0.08156249579341318,130240.1787961682,1.9648014539877812,2585823.849212523
0.07933900384952053,110307.6718627379,2.0182416030399963,2303037.0722140726
0.07868226865317406,132546.91538364362,1.9785528221495523,2400173.4214175786
0.07980320636579272,152159.08757779532,1.9806671296626623,2298867.2214833247
0.07839800872509722,163315.3971038233,2.0159961239435056,2485172.4883639296
0.08058528402873368,144153.22896852533,2.012052618312579,2453774.1243409053
0.07802273246081187,221652.6402947869,1.9868687279667285,2458052.7765759337
0.08136004528205651,185227.41663231878,2.03792670184611,2495108.4231389235
0.08032189964989105,119149.09801957523,1.9387877012418837,2367888.2165514473
0.0800733396890099,155761.53155329762,1.978127592379484,2215896.4458292793
0.07906964366374744,103714.30880848005,1.9495625975172641,2285472.071716395
0.08038091757516881,142005.6134557243,2.010628850168359,2208935.7006080486
0.0796699521589117,151137.79358903362,1.9936875831998824,2571568.8646525373
0.08058737810569519,129299.32406968276,1.9926778051334693,2403204.325958307
0.07810559765492588,157939.25364512522,1.9577817441887246,2248502.467098682
0.0793195189019581,79087.76113835964,1.9531075477314823,2287560.135246195
0.08053695644297222,149350.77385217842,2.0146846594369734,2309500.0821973486
0.0787960022699173,150614.6223841735,1.9866755647000316,2407622.2952045575
0.07741980523859172,223663.18125226244,1.9401427078418236,2283797.995868346
0.08016214680912678,182907.06391816362,1.9837853846491507,2326506.126300425
0.0785484638169968,198146.06278265084,1.9317083119133651,2398150.429211207
0.07719115622801928,154090.42534525596,1.9894050921361104,2260379.4248030395
0.07827714101625889,126151.02640353848,1.9446758176978747,2448473.188428303
0.07912800635177562,178398.52214793052,1.9603240467850904,2350364.3297303794
0.07829956797611594,161115.37845637085,1.9433848437812205,2224673.524215064
0.07776083854788444,133956.29513491283,1.9567551809693753,2381165.108174029
0.07810898156139501,177425.87940009366,2.007734218971693,2413856.3025758923
0.07861400293086013,170854.2843738385,1.9447674112265745,2242395.336507372
0.07928296192514858,190557.18464814083,1.9787448483101093,2311703.789785469
0.07879213850833328,126671.60886462334,1.9398458806333734,2562055.615251624
0.07864877930266091,153947.08369911305,1.9319356750878538,2385832.672717415
0.08002192812945201,124462.26391692227,1.9555415354051742,2312539.874725755
0.07964182462794511,193914.36680373916,2.0103184632687308,2446027.23648949
0.07749676982835765,154166.2026730755,1.9688335577599345,2495053.909381069
0.07781801528591031,186877.57625600664,1.9757717676302504,2690338.036862562
0.07918926860363659,171045.963244687,1.9888012870642513,2511271.202922562
0.07985117374983577,171714.03045716783,1.9637364917553153,2424065.5797970765
0.07939640396138614,168365.3606276095,1.9819385636683677,2606395.075258548
0.07693548313604734,131852.4504278267,1.9873650245883312,2330501.480444595
0.07828992492035974,181521.35356365575,2.040821021950391,2350853.0489971745
0.07929936548121007,189151.44884245424,1.9822380135525068,2423525.259548962
0.07764490735332659,165129.49381374012,2.0010469535350657,2422235.0481778854
0.07906790784456859,117704.42445131666,1.989893646109008,2488118.6104060863
0.07754651010712131,136308.1486960908,1.9932058183440113,2487571.847541606
0.07940785063618233,154254.39040480554,1.9558228838775389,2375403.9564560032
0.07766676415303424,168177.87781061677,1.9876561723994952,2354766.432708989
0.07835919839739462,171510.47259093096,1.947427054846533,2384154.8982342337
0.07628393583682407,174386.73111616244,1.9904837040640158,2137713.8697715644
0.07833037614236814,160451.08054441318,2.0393778371340208,2389451.0333434185
0.07891346544066742,128100.15403132219,1.9752262560792786,2490209.7213715035
0.07907911191168161,152967.0540788839,2.034935834412799,2321844.002917578
0.07721394218677567,179843.695216698,1.9610679050494624,2529643.1788916695
0.07670695980774665,183412.29146047795,1.9080057022923165,2429230.220595729
0.07672986629474102,121204.01423153066,1.9211668431883688,2427917.4390985784
0.07763496536924104,122996.55220843398,2.0008816824606925,2747700.2700347807
0.07920137607300189,124330.8473180803,1.9978260508990024,2242346.794754131
0.07741068806953204,174822.37778361264,1.9948750709011067,2399877.363387322
0.07737593859681871,137202.51117930294,2.002499547291401,2217243.137024663
0.07912745477232977,188610.88282914544,1.9575736651761497,2544632.7016577097
0.07548428262375759,206167.3006195041,1.9850298359192242,2499642.855293922
0.07831247931569055,161763.9895666437,1.996756295618667,2469694.1609261637
0.07806067012254646,190463.96705941524,2.009843674955559,2186416.214146967
0.07700900479393873,160743.582591955,2.0422534809974078,2517728.552306453
0.07507547981939941,195514.574634761,2.0196197685495023,2593212.994394725
0.0773208741539934,114724.72202356663,2.01858878085758,2585268.4327128027
0.07840583325220646,164778.81326138056,2.000821641059896,2283570.8185649603
0.07571086821060267,169365.28892248266,1.9659954833299715,2419120.9084192836
0.07655369204354831,185999.48237227384,2.028321074469518,2708805.750789025
0.07811729599690585,133705.36730723234,2.015742476957129,2287923.471410703
0.07695508058554686,177129.96427736295,1.9937169427041554,2384142.488574686
0.07708269683547402,141077.1762789062,2.0433255990679093,2521995.0428404678
0.07662614268153461,135837.75626568747,1.980449386531637,2730759.51282422
0.07583259438383946,151989.89216863422,1.977848119162315,2437444.0231061885
0.07644999212777707,158885.94687843864,1.9476698365640825,2416229.6383813554
0.07642186902239623,134998.35650908778,2.025865820400593,2448947.0229040473
0.07671731475359908,175879.75651518654,2.0279926293772776,2383591.524276311
0.07680660304496402,125344.72208681724,1.9937096157011214,2450312.9564384758
0.07838023332824402,105482.04725197396,1.9573388156725409,2428200.571389527
0.07798759150463963,133872.79782730786,1.9944851757201327,2308517.450398588
0.07728285617364865,156203.55735160154,1.9780625598073327,2302556.291808523
0.07749678868214124,159896.5409134678,1.9916777255611438,2713347.661650155
0.07731307362555197,139186.4334566126,1.9967197316369716,2291833.12131778
0.07552503270089862,151066.24965160203,1.9971607924577472,2652086.0373608344
0.07630966019026841,144201.68967891068,1.9546205504654484,2300912.5507419915
0.07572537588387385,192686.44694310758,2.037266094813688,2644878.735708316
0.0763168929881282,162751.3682650327,1.9781449061469907,2221800.577330815
0.07656210806624056,188698.06162731358,2.0185448246875137,2474738.6435306445
0.0760280764803372,192322.8212113466,1.9773348365541779,2365724.3511618827
0.07717381359827377,158278.3986771874,1.978314527807712,2340597.9794699587
0.0770623601554991,153441.98065140718,2.0174463313744875,2319747.7059161467
0.07597948021337955,155606.7993301782,1.9805218416739465,2269421.001814335
0.07632230538449057,132178.16863609932,1.960217636500937,2441405.503341255
0.0759542955526575,136156.24744182208,2.075276432727719,2563412.6071049366
0.07775823886534589,175271.1080498536,1.9998805639168262,2389561.520901554
0.07545683267755948,172782.93943896025,1.9737594647568713,2490997.9841437126
0.0760613929993395,209232.34180658436,1.9739647770298836,2577802.322905725
0.07612674375765495,142677.0155016209,1.996131908668931,2427092.7013920797
0.07635316052613965,189317.21471285392,1.9961394208154384,2611833.2041641474
0.07680493374470387,201884.46174547492,1.9976313130569572,2441660.8216528636
0.07484561901827425,207959.10827194495,1.9820903395237126,2425079.7958766264
0.07441567315111398,112278.5100689846,1.9608090301134826,2216737.1461576507
0.07727673738750059,143763.4725285135,1.9888567890266513,2389444.5034782304
0.0755773716627842,135561.5045719878,1.9273505665890085,2038478.2497829946
0.07617487451394159,146337.23037632377,1.9847873808415464,2473132.8342890576
0.07633811006547372,179823.8033861016,1.9662078640042326,2586384.2615025025
0.07526988189983476,148686.84770663313,1.9935762877240353,2393788.6081651417
0.07542948892852792,134914.81877743642,1.9146671173924141,2450576.803834103
0.07562083795303526,154167.09189460418,1.9350790339888408,2342888.5541061964
0.07444109574267167,128109.6528133801,1.9607529172346758,2341568.6330694393
0.07520608680388573,125316.91364984676,1.9578594655074868,2232174.2287773546
0.07498720128370011,141227.5365054406,1.9980421517018676,2359111.405011327
0.0747885500609976,143384.1682094853,2.029499257070876,2573853.4103490366
0.07467281196077087,153380.3707590959,1.9592041856615692,2297540.5520660556
0.0747578383032595,161231.64454426596,1.955397627862171,2257156.3504108083
0.0773519669836621,148816.25741641148,1.9563347977362384,2337877.913728815
0.07462521384568875,158066.99678626997,1.9459623237801569,2387201.3900066903
0.07526600890350031,137873.11170419952,1.9084407449517462,2426169.211478539
